{
	"start":	{
		"connected":	[{
				"socket":	4,
				"local_host":	"10.2.1.225",
				"local_port":	45578,
				"remote_host":	"100.26.179.236",
				"remote_port":	5201
			}],
		"version":	"iperf 3.1.7",
		"system_info":	"Linux ip-10-2-1-225.eu-west-2.compute.internal 4.14.355-275.603.amzn2.x86_64 #1 SMP Wed Mar 12 14:53:59 UTC 2025 x86_64",
		"timestamp":	{
			"time":	"Mon, 14 Apr 2025 04:02:56 GMT",
			"timesecs":	1744603376
		},
		"connecting_to":	{
			"host":	"100.26.179.236",
			"port":	5201
		},
		"cookie":	"ip-10-2-1-225.eu-west-2.compute.inte",
		"tcp_mss_default":	1448,
		"test_start":	{
			"protocol":	"TCP",
			"num_streams":	1,
			"blksize":	131072,
			"omit":	0,
			"duration":	10,
			"bytes":	0,
			"blocks":	0,
			"reverse":	0
		}
	},
	"intervals":	[{
			"streams":	[{
					"socket":	4,
					"start":	0,
					"end":	1.0000979900360107,
					"seconds":	1.0000979900360107,
					"bytes":	12430144,
					"bits_per_second":	99431408.712679639,
					"retransmits":	0,
					"snd_cwnd":	3246416,
					"rtt":	76275,
					"omitted":	false
				}],
			"sum":	{
				"start":	0,
				"end":	1.0000979900360107,
				"seconds":	1.0000979900360107,
				"bytes":	12430144,
				"bits_per_second":	99431408.712679639,
				"retransmits":	0,
				"omitted":	false
			}
		}, {
			"streams":	[{
					"socket":	4,
					"start":	1.0000979900360107,
					"end":	2.0005099773406982,
					"seconds":	1.0004119873046875,
					"bytes":	19660800,
					"bits_per_second":	157221626.68578315,
					"retransmits":	0,
					"snd_cwnd":	3246416,
					"rtt":	75060,
					"omitted":	false
				}],
			"sum":	{
				"start":	1.0000979900360107,
				"end":	2.0005099773406982,
				"seconds":	1.0004119873046875,
				"bytes":	19660800,
				"bits_per_second":	157221626.68578315,
				"retransmits":	0,
				"omitted":	false
			}
		}, {
			"streams":	[{
					"socket":	4,
					"start":	2.0005099773406982,
					"end":	3.000230073928833,
					"seconds":	0.99972009658813477,
					"bytes":	20971520,
					"bits_per_second":	167819133.14794436,
					"retransmits":	0,
					"snd_cwnd":	3246416,
					"rtt":	75154,
					"omitted":	false
				}],
			"sum":	{
				"start":	2.0005099773406982,
				"end":	3.000230073928833,
				"seconds":	0.99972009658813477,
				"bytes":	20971520,
				"bits_per_second":	167819133.14794436,
				"retransmits":	0,
				"omitted":	false
			}
		}, {
			"streams":	[{
					"socket":	4,
					"start":	3.000230073928833,
					"end":	4.0001869201660156,
					"seconds":	0.99995684623718262,
					"bytes":	20971520,
					"bits_per_second":	167779400.31244671,
					"retransmits":	0,
					"snd_cwnd":	3246416,
					"rtt":	75703,
					"omitted":	false
				}],
			"sum":	{
				"start":	3.000230073928833,
				"end":	4.0001869201660156,
				"seconds":	0.99995684623718262,
				"bytes":	20971520,
				"bits_per_second":	167779400.31244671,
				"retransmits":	0,
				"omitted":	false
			}
		}, {
			"streams":	[{
					"socket":	4,
					"start":	4.0001869201660156,
					"end":	5.0001540184021,
					"seconds":	0.999967098236084,
					"bytes":	20971520,
					"bits_per_second":	167777680.18162373,
					"retransmits":	0,
					"snd_cwnd":	3246416,
					"rtt":	75190,
					"omitted":	false
				}],
			"sum":	{
				"start":	4.0001869201660156,
				"end":	5.0001540184021,
				"seconds":	0.999967098236084,
				"bytes":	20971520,
				"bits_per_second":	167777680.18162373,
				"retransmits":	0,
				"omitted":	false
			}
		}, {
			"streams":	[{
					"socket":	4,
					"start":	5.0001540184021,
					"end":	6.00037693977356,
					"seconds":	1.00022292137146,
					"bytes":	20971520,
					"bits_per_second":	167734768.33540115,
					"retransmits":	0,
					"snd_cwnd":	3246416,
					"rtt":	75151,
					"omitted":	false
				}],
			"sum":	{
				"start":	5.0001540184021,
				"end":	6.00037693977356,
				"seconds":	1.00022292137146,
				"bytes":	20971520,
				"bits_per_second":	167734768.33540115,
				"retransmits":	0,
				"omitted":	false
			}
		}, {
			"streams":	[{
					"socket":	4,
					"start":	6.00037693977356,
					"end":	7.0003509521484375,
					"seconds":	0.99997401237487793,
					"bytes":	20971520,
					"bits_per_second":	167776520.113309,
					"retransmits":	0,
					"snd_cwnd":	3246416,
					"rtt":	75073,
					"omitted":	false
				}],
			"sum":	{
				"start":	6.00037693977356,
				"end":	7.0003509521484375,
				"seconds":	0.99997401237487793,
				"bytes":	20971520,
				"bits_per_second":	167776520.113309,
				"retransmits":	0,
				"omitted":	false
			}
		}, {
			"streams":	[{
					"socket":	4,
					"start":	7.0003509521484375,
					"end":	8.0000810623168945,
					"seconds":	0.999730110168457,
					"bytes":	20971520,
					"bits_per_second":	167817452.22391069,
					"retransmits":	0,
					"snd_cwnd":	3246416,
					"rtt":	75272,
					"omitted":	false
				}],
			"sum":	{
				"start":	7.0003509521484375,
				"end":	8.0000810623168945,
				"seconds":	0.999730110168457,
				"bytes":	20971520,
				"bits_per_second":	167817452.22391069,
				"retransmits":	0,
				"omitted":	false
			}
		}, {
			"streams":	[{
					"socket":	4,
					"start":	8.0000810623168945,
					"end":	9.00059986114502,
					"seconds":	1.000518798828125,
					"bytes":	19660800,
					"bits_per_second":	157204842.31203294,
					"retransmits":	0,
					"snd_cwnd":	3246416,
					"rtt":	75034,
					"omitted":	false
				}],
			"sum":	{
				"start":	8.0000810623168945,
				"end":	9.00059986114502,
				"seconds":	1.000518798828125,
				"bytes":	19660800,
				"bits_per_second":	157204842.31203294,
				"retransmits":	0,
				"omitted":	false
			}
		}, {
			"streams":	[{
					"socket":	4,
					"start":	9.00059986114502,
					"end":	10.000103950500488,
					"seconds":	0.99950408935546875,
					"bytes":	20971520,
					"bits_per_second":	167855401.28023693,
					"retransmits":	0,
					"snd_cwnd":	3246416,
					"rtt":	75336,
					"omitted":	false
				}],
			"sum":	{
				"start":	9.00059986114502,
				"end":	10.000103950500488,
				"seconds":	0.99950408935546875,
				"bytes":	20971520,
				"bits_per_second":	167855401.28023693,
				"retransmits":	0,
				"omitted":	false
			}
		}],
	"end":	{
		"streams":	[{
				"sender":	{
					"socket":	4,
					"start":	0,
					"end":	10.000103950500488,
					"seconds":	10.000103950500488,
					"bytes":	198552384,
					"bits_per_second":	158840256.04758862,
					"retransmits":	0,
					"max_snd_cwnd":	3246416,
					"max_rtt":	76275,
					"min_rtt":	75034,
					"mean_rtt":	75324
				},
				"receiver":	{
					"socket":	4,
					"start":	0,
					"end":	10.000103950500488,
					"seconds":	10.000103950500488,
					"bytes":	197001216,
					"bits_per_second":	157599334.54702973
				}
			}],
		"sum_sent":	{
			"start":	0,
			"end":	10.000103950500488,
			"seconds":	10.000103950500488,
			"bytes":	198552384,
			"bits_per_second":	158840256.04758862,
			"retransmits":	0
		},
		"sum_received":	{
			"start":	0,
			"end":	10.000103950500488,
			"seconds":	10.000103950500488,
			"bytes":	197001216,
			"bits_per_second":	157599334.54702973
		},
		"cpu_utilization_percent":	{
			"host_total":	1.8535191419400299,
			"host_user":	0.61650609511791876,
			"host_system":	1.237013046822111,
			"remote_total":	0.57585196669966809,
			"remote_user":	0.013692229299891863,
			"remote_system":	0.56215649433267534
		},
		"sender_tcp_congestion":	"cubic",
		"receiver_tcp_congestion":	"cubic"
	}
}
