{
	"start":	{
		"connected":	[{
				"socket":	4,
				"local_host":	"10.1.1.86",
				"local_port":	33390,
				"remote_host":	"18.130.245.213",
				"remote_port":	5201
			}],
		"version":	"iperf 3.1.7",
		"system_info":	"Linux ip-10-1-1-86.ec2.internal 4.14.355-275.603.amzn2.x86_64 #1 SMP Wed Mar 12 14:53:59 UTC 2025 x86_64",
		"timestamp":	{
			"time":	"Mon, 14 Apr 2025 04:03:47 GMT",
			"timesecs":	1744603427
		},
		"connecting_to":	{
			"host":	"18.130.245.213",
			"port":	5201
		},
		"cookie":	"ip-10-1-1-86.ec2.internal.1744603427",
		"tcp_mss_default":	1448,
		"test_start":	{
			"protocol":	"TCP",
			"num_streams":	1,
			"blksize":	131072,
			"omit":	0,
			"duration":	10,
			"bytes":	0,
			"blocks":	0,
			"reverse":	0
		}
	},
	"intervals":	[{
			"streams":	[{
					"socket":	4,
					"start":	0,
					"end":	1.0002090930938721,
					"seconds":	1.0002090930938721,
					"bytes":	11072808,
					"bits_per_second":	88563945.890548229,
					"retransmits":	0,
					"snd_cwnd":	3205872,
					"rtt":	76673,
					"omitted":	false
				}],
			"sum":	{
				"start":	0,
				"end":	1.0002090930938721,
				"seconds":	1.0002090930938721,
				"bytes":	11072808,
				"bits_per_second":	88563945.890548229,
				"retransmits":	0,
				"omitted":	false
			}
		}, {
			"streams":	[{
					"socket":	4,
					"start":	1.0002090930938721,
					"end":	2.0000889301300049,
					"seconds":	0.99987983703613281,
					"bytes":	20971520,
					"bits_per_second":	167792322.42277649,
					"retransmits":	0,
					"snd_cwnd":	3205872,
					"rtt":	76742,
					"omitted":	false
				}],
			"sum":	{
				"start":	1.0002090930938721,
				"end":	2.0000889301300049,
				"seconds":	0.99987983703613281,
				"bytes":	20971520,
				"bits_per_second":	167792322.42277649,
				"retransmits":	0,
				"omitted":	false
			}
		}, {
			"streams":	[{
					"socket":	4,
					"start":	2.0000889301300049,
					"end":	3.0003070831298828,
					"seconds":	1.0002181529998779,
					"bytes":	19660800,
					"bits_per_second":	157252094.98374221,
					"retransmits":	0,
					"snd_cwnd":	3205872,
					"rtt":	77003,
					"omitted":	false
				}],
			"sum":	{
				"start":	2.0000889301300049,
				"end":	3.0003070831298828,
				"seconds":	1.0002181529998779,
				"bytes":	19660800,
				"bits_per_second":	157252094.98374221,
				"retransmits":	0,
				"omitted":	false
			}
		}, {
			"streams":	[{
					"socket":	4,
					"start":	3.0003070831298828,
					"end":	4.0001099109649658,
					"seconds":	0.999802827835083,
					"bytes":	20971520,
					"bits_per_second":	167805246.52374151,
					"retransmits":	0,
					"snd_cwnd":	3205872,
					"rtt":	77096,
					"omitted":	false
				}],
			"sum":	{
				"start":	3.0003070831298828,
				"end":	4.0001099109649658,
				"seconds":	0.999802827835083,
				"bytes":	20971520,
				"bits_per_second":	167805246.52374151,
				"retransmits":	0,
				"omitted":	false
			}
		}, {
			"streams":	[{
					"socket":	4,
					"start":	4.0001099109649658,
					"end":	5.0001161098480225,
					"seconds":	1.0000061988830566,
					"bytes":	19660800,
					"bits_per_second":	157285425.00604388,
					"retransmits":	0,
					"snd_cwnd":	3205872,
					"rtt":	77124,
					"omitted":	false
				}],
			"sum":	{
				"start":	4.0001099109649658,
				"end":	5.0001161098480225,
				"seconds":	1.0000061988830566,
				"bytes":	19660800,
				"bits_per_second":	157285425.00604388,
				"retransmits":	0,
				"omitted":	false
			}
		}, {
			"streams":	[{
					"socket":	4,
					"start":	5.0001161098480225,
					"end":	6.0001010894775391,
					"seconds":	0.9999849796295166,
					"bytes":	20971520,
					"bits_per_second":	167774680.0378519,
					"retransmits":	0,
					"snd_cwnd":	3205872,
					"rtt":	76955,
					"omitted":	false
				}],
			"sum":	{
				"start":	5.0001161098480225,
				"end":	6.0001010894775391,
				"seconds":	0.9999849796295166,
				"bytes":	20971520,
				"bits_per_second":	167774680.0378519,
				"retransmits":	0,
				"omitted":	false
			}
		}, {
			"streams":	[{
					"socket":	4,
					"start":	6.0001010894775391,
					"end":	7.0001099109649658,
					"seconds":	1.0000088214874268,
					"bytes":	19660800,
					"bits_per_second":	157285012.51223969,
					"retransmits":	0,
					"snd_cwnd":	3205872,
					"rtt":	76928,
					"omitted":	false
				}],
			"sum":	{
				"start":	6.0001010894775391,
				"end":	7.0001099109649658,
				"seconds":	1.0000088214874268,
				"bytes":	19660800,
				"bits_per_second":	157285012.51223969,
				"retransmits":	0,
				"omitted":	false
			}
		}, {
			"streams":	[{
					"socket":	4,
					"start":	7.0001099109649658,
					"end":	8.0001819133758545,
					"seconds":	1.0000720024108887,
					"bytes":	20971520,
					"bits_per_second":	167760080.86972651,
					"retransmits":	0,
					"snd_cwnd":	3205872,
					"rtt":	76719,
					"omitted":	false
				}],
			"sum":	{
				"start":	7.0001099109649658,
				"end":	8.0001819133758545,
				"seconds":	1.0000720024108887,
				"bytes":	20971520,
				"bits_per_second":	167760080.86972651,
				"retransmits":	0,
				"omitted":	false
			}
		}, {
			"streams":	[{
					"socket":	4,
					"start":	8.0001819133758545,
					"end":	9.00008511543274,
					"seconds":	0.99990320205688477,
					"bytes":	20971520,
					"bits_per_second":	167788401.57215077,
					"retransmits":	0,
					"snd_cwnd":	3205872,
					"rtt":	76664,
					"omitted":	false
				}],
			"sum":	{
				"start":	8.0001819133758545,
				"end":	9.00008511543274,
				"seconds":	0.99990320205688477,
				"bytes":	20971520,
				"bits_per_second":	167788401.57215077,
				"retransmits":	0,
				"omitted":	false
			}
		}, {
			"streams":	[{
					"socket":	4,
					"start":	9.00008511543274,
					"end":	10.000575065612793,
					"seconds":	1.0004899501800537,
					"bytes":	19660800,
					"bits_per_second":	157209375.23829585,
					"retransmits":	0,
					"snd_cwnd":	3205872,
					"rtt":	76690,
					"omitted":	false
				}],
			"sum":	{
				"start":	9.00008511543274,
				"end":	10.000575065612793,
				"seconds":	1.0004899501800537,
				"bytes":	19660800,
				"bits_per_second":	157209375.23829585,
				"retransmits":	0,
				"omitted":	false
			}
		}],
	"end":	{
		"streams":	[{
				"sender":	{
					"socket":	4,
					"start":	0,
					"end":	10.000575065612793,
					"seconds":	10.000575065612793,
					"bytes":	194573608,
					"bits_per_second":	155649935.50744563,
					"retransmits":	0,
					"max_snd_cwnd":	3205872,
					"max_rtt":	77124,
					"min_rtt":	76664,
					"mean_rtt":	76859
				},
				"receiver":	{
					"socket":	4,
					"start":	0,
					"end":	10.000575065612793,
					"seconds":	10.000575065612793,
					"bytes":	192806912,
					"bits_per_second":	154236659.98006135
				}
			}],
		"sum_sent":	{
			"start":	0,
			"end":	10.000575065612793,
			"seconds":	10.000575065612793,
			"bytes":	194573608,
			"bits_per_second":	155649935.50744563,
			"retransmits":	0
		},
		"sum_received":	{
			"start":	0,
			"end":	10.000575065612793,
			"seconds":	10.000575065612793,
			"bytes":	192806912,
			"bits_per_second":	154236659.98006135
		},
		"cpu_utilization_percent":	{
			"host_total":	1.8082042856398668,
			"host_user":	0.63760115146387508,
			"host_system":	1.1705935405624217,
			"remote_total":	0.48521230973804186,
			"remote_user":	0.025415839040386318,
			"remote_system":	0.45979954024343339
		},
		"sender_tcp_congestion":	"cubic",
		"receiver_tcp_congestion":	"cubic"
	}
}
