{
	"start":	{
		"connected":	[{
				"socket":	4,
				"local_host":	"10.1.1.86",
				"local_port":	36684,
				"remote_host":	"18.183.127.24",
				"remote_port":	5201
			}],
		"version":	"iperf 3.1.7",
		"system_info":	"Linux ip-10-1-1-86.ec2.internal 4.14.355-275.603.amzn2.x86_64 #1 SMP Wed Mar 12 14:53:59 UTC 2025 x86_64",
		"timestamp":	{
			"time":	"Mon, 14 Apr 2025 04:04:01 GMT",
			"timesecs":	1744603441
		},
		"connecting_to":	{
			"host":	"18.183.127.24",
			"port":	5201
		},
		"cookie":	"ip-10-1-1-86.ec2.internal.1744603441",
		"tcp_mss_default":	1448,
		"test_start":	{
			"protocol":	"TCP",
			"num_streams":	1,
			"blksize":	131072,
			"omit":	0,
			"duration":	10,
			"bytes":	0,
			"blocks":	0,
			"reverse":	0
		}
	},
	"intervals":	[{
			"streams":	[{
					"socket":	4,
					"start":	0,
					"end":	1.0001518726348877,
					"seconds":	1.0001518726348877,
					"bytes":	1718776,
					"bits_per_second":	13748120.036785262,
					"retransmits":	0,
					"snd_cwnd":	463360,
					"rtt":	148475,
					"omitted":	false
				}],
			"sum":	{
				"start":	0,
				"end":	1.0001518726348877,
				"seconds":	1.0001518726348877,
				"bytes":	1718776,
				"bits_per_second":	13748120.036785262,
				"retransmits":	0,
				"omitted":	false
			}
		}, {
			"streams":	[{
					"socket":	4,
					"start":	1.0001518726348877,
					"end":	2.0001189708709717,
					"seconds":	0.999967098236084,
					"bytes":	11195000,
					"bits_per_second":	89562946.778930545,
					"retransmits":	0,
					"snd_cwnd":	3210216,
					"rtt":	148420,
					"omitted":	false
				}],
			"sum":	{
				"start":	1.0001518726348877,
				"end":	2.0001189708709717,
				"seconds":	0.999967098236084,
				"bytes":	11195000,
				"bits_per_second":	89562946.778930545,
				"retransmits":	0,
				"omitted":	false
			}
		}, {
			"streams":	[{
					"socket":	4,
					"start":	2.0001189708709717,
					"end":	3.0003499984741211,
					"seconds":	1.0002310276031494,
					"bytes":	10485760,
					"bits_per_second":	83866704.476280808,
					"retransmits":	0,
					"snd_cwnd":	3210216,
					"rtt":	148240,
					"omitted":	false
				}],
			"sum":	{
				"start":	2.0001189708709717,
				"end":	3.0003499984741211,
				"seconds":	1.0002310276031494,
				"bytes":	10485760,
				"bits_per_second":	83866704.476280808,
				"retransmits":	0,
				"omitted":	false
			}
		}, {
			"streams":	[{
					"socket":	4,
					"start":	3.0003499984741211,
					"end":	4.0001368522644043,
					"seconds":	0.9997868537902832,
					"bytes":	10485760,
					"bits_per_second":	83903963.811866716,
					"retransmits":	0,
					"snd_cwnd":	3210216,
					"rtt":	148022,
					"omitted":	false
				}],
			"sum":	{
				"start":	3.0003499984741211,
				"end":	4.0001368522644043,
				"seconds":	0.9997868537902832,
				"bytes":	10485760,
				"bits_per_second":	83903963.811866716,
				"retransmits":	0,
				"omitted":	false
			}
		}, {
			"streams":	[{
					"socket":	4,
					"start":	4.0001368522644043,
					"end":	5.0001249313354492,
					"seconds":	0.99998807907104492,
					"bytes":	10485760,
					"bits_per_second":	83887080.011921078,
					"retransmits":	0,
					"snd_cwnd":	3210216,
					"rtt":	148193,
					"omitted":	false
				}],
			"sum":	{
				"start":	4.0001368522644043,
				"end":	5.0001249313354492,
				"seconds":	0.99998807907104492,
				"bytes":	10485760,
				"bits_per_second":	83887080.011921078,
				"retransmits":	0,
				"omitted":	false
			}
		}, {
			"streams":	[{
					"socket":	4,
					"start":	5.0001249313354492,
					"end":	6.0001227855682373,
					"seconds":	0.99999785423278809,
					"bytes":	10485760,
					"bits_per_second":	83886260.000386238,
					"retransmits":	0,
					"snd_cwnd":	3210216,
					"rtt":	147942,
					"omitted":	false
				}],
			"sum":	{
				"start":	5.0001249313354492,
				"end":	6.0001227855682373,
				"seconds":	0.99999785423278809,
				"bytes":	10485760,
				"bits_per_second":	83886260.000386238,
				"retransmits":	0,
				"omitted":	false
			}
		}, {
			"streams":	[{
					"socket":	4,
					"start":	6.0001227855682373,
					"end":	7.0001528263092041,
					"seconds":	1.0000300407409668,
					"bytes":	10485760,
					"bits_per_second":	83883560.075700387,
					"retransmits":	0,
					"snd_cwnd":	3210216,
					"rtt":	148157,
					"omitted":	false
				}],
			"sum":	{
				"start":	6.0001227855682373,
				"end":	7.0001528263092041,
				"seconds":	1.0000300407409668,
				"bytes":	10485760,
				"bits_per_second":	83883560.075700387,
				"retransmits":	0,
				"omitted":	false
			}
		}, {
			"streams":	[{
					"socket":	4,
					"start":	7.0001528263092041,
					"end":	8.0003888607025146,
					"seconds":	1.0002360343933105,
					"bytes":	10485760,
					"bits_per_second":	83866284.672378153,
					"retransmits":	0,
					"snd_cwnd":	3210216,
					"rtt":	148109,
					"omitted":	false
				}],
			"sum":	{
				"start":	7.0001528263092041,
				"end":	8.0003888607025146,
				"seconds":	1.0002360343933105,
				"bytes":	10485760,
				"bits_per_second":	83866284.672378153,
				"retransmits":	0,
				"omitted":	false
			}
		}, {
			"streams":	[{
					"socket":	4,
					"start":	8.0003888607025146,
					"end":	9.0001440048217773,
					"seconds":	0.9997551441192627,
					"bytes":	10485760,
					"bits_per_second":	83906625.03057155,
					"retransmits":	0,
					"snd_cwnd":	3210216,
					"rtt":	147863,
					"omitted":	false
				}],
			"sum":	{
				"start":	8.0003888607025146,
				"end":	9.0001440048217773,
				"seconds":	0.9997551441192627,
				"bytes":	10485760,
				"bits_per_second":	83906625.03057155,
				"retransmits":	0,
				"omitted":	false
			}
		}, {
			"streams":	[{
					"socket":	4,
					"start":	9.0001440048217773,
					"end":	10.000211954116821,
					"seconds":	1.0000679492950439,
					"bytes":	10485760,
					"bits_per_second":	83880380.387284666,
					"retransmits":	0,
					"snd_cwnd":	3210216,
					"rtt":	148046,
					"omitted":	false
				}],
			"sum":	{
				"start":	9.0001440048217773,
				"end":	10.000211954116821,
				"seconds":	1.0000679492950439,
				"bytes":	10485760,
				"bits_per_second":	83880380.387284666,
				"retransmits":	0,
				"omitted":	false
			}
		}],
	"end":	{
		"streams":	[{
				"sender":	{
					"socket":	4,
					"start":	0,
					"end":	10.000211954116821,
					"seconds":	10.000211954116821,
					"bytes":	96799856,
					"bits_per_second":	77438243.464549825,
					"retransmits":	0,
					"max_snd_cwnd":	3210216,
					"max_rtt":	148475,
					"min_rtt":	147863,
					"mean_rtt":	148146
				},
				"receiver":	{
					"socket":	4,
					"start":	0,
					"end":	10.000211954116821,
					"seconds":	10.000211954116821,
					"bytes":	95420416,
					"bits_per_second":	76334714.854293019
				}
			}],
		"sum_sent":	{
			"start":	0,
			"end":	10.000211954116821,
			"seconds":	10.000211954116821,
			"bytes":	96799856,
			"bits_per_second":	77438243.464549825,
			"retransmits":	0
		},
		"sum_received":	{
			"start":	0,
			"end":	10.000211954116821,
			"seconds":	10.000211954116821,
			"bytes":	95420416,
			"bits_per_second":	76334714.854293019
		},
		"cpu_utilization_percent":	{
			"host_total":	2.9552941351092854,
			"host_user":	1.0662299145513225,
			"host_system":	1.889045666942188,
			"remote_total":	0.096520052082955735,
			"remote_user":	0.0038417667487181291,
			"remote_system":	0.092678285334237609
		},
		"sender_tcp_congestion":	"cubic",
		"receiver_tcp_congestion":	"cubic"
	}
}
