{
	"start":	{
		"connected":	[{
				"socket":	4,
				"local_host":	"10.2.1.225",
				"local_port":	48908,
				"remote_host":	"18.183.127.24",
				"remote_port":	5201
			}],
		"version":	"iperf 3.1.7",
		"system_info":	"Linux ip-10-2-1-225.eu-west-2.compute.internal 4.14.355-275.603.amzn2.x86_64 #1 SMP Wed Mar 12 14:53:59 UTC 2025 x86_64",
		"timestamp":	{
			"time":	"Mon, 14 Apr 2025 04:02:40 GMT",
			"timesecs":	1744603360
		},
		"connecting_to":	{
			"host":	"18.183.127.24",
			"port":	5201
		},
		"cookie":	"ip-10-2-1-225.eu-west-2.compute.inte",
		"tcp_mss_default":	1448,
		"test_start":	{
			"protocol":	"TCP",
			"num_streams":	1,
			"blksize":	131072,
			"omit":	0,
			"duration":	10,
			"bytes":	0,
			"blocks":	0,
			"reverse":	0
		}
	},
	"intervals":	[{
			"streams":	[{
					"socket":	4,
					"start":	0,
					"end":	1.000277042388916,
					"seconds":	1.000277042388916,
					"bytes":	353312,
					"bits_per_second":	2825713.1576764057,
					"retransmits":	0,
					"snd_cwnd":	115840,
					"rtt":	215144,
					"omitted":	false
				}],
			"sum":	{
				"start":	0,
				"end":	1.000277042388916,
				"seconds":	1.000277042388916,
				"bytes":	353312,
				"bits_per_second":	2825713.1576764057,
				"retransmits":	0,
				"omitted":	false
			}
		}, {
			"streams":	[{
					"socket":	4,
					"start":	1.000277042388916,
					"end":	2.000493049621582,
					"seconds":	1.000216007232666,
					"bytes":	4503560,
					"bits_per_second":	36020699.268432334,
					"retransmits":	0,
					"snd_cwnd":	2253088,
					"rtt":	215125,
					"omitted":	false
				}],
			"sum":	{
				"start":	1.000277042388916,
				"end":	2.000493049621582,
				"seconds":	1.000216007232666,
				"bytes":	4503560,
				"bits_per_second":	36020699.268432334,
				"retransmits":	0,
				"omitted":	false
			}
		}, {
			"streams":	[{
					"socket":	4,
					"start":	2.000493049621582,
					"end":	3.0001790523529053,
					"seconds":	0.99968600273132324,
					"bytes":	7864320,
					"bits_per_second":	62934321.204964384,
					"retransmits":	0,
					"snd_cwnd":	3207320,
					"rtt":	213026,
					"omitted":	false
				}],
			"sum":	{
				"start":	2.000493049621582,
				"end":	3.0001790523529053,
				"seconds":	0.99968600273132324,
				"bytes":	7864320,
				"bits_per_second":	62934321.204964384,
				"retransmits":	0,
				"omitted":	false
			}
		}, {
			"streams":	[{
					"socket":	4,
					"start":	3.0001790523529053,
					"end":	4.0003690719604492,
					"seconds":	1.0001900196075439,
					"bytes":	7864320,
					"bits_per_second":	62902607.271252826,
					"retransmits":	0,
					"snd_cwnd":	3207320,
					"rtt":	213410,
					"omitted":	false
				}],
			"sum":	{
				"start":	3.0001790523529053,
				"end":	4.0003690719604492,
				"seconds":	1.0001900196075439,
				"bytes":	7864320,
				"bits_per_second":	62902607.271252826,
				"retransmits":	0,
				"omitted":	false
			}
		}, {
			"streams":	[{
					"socket":	4,
					"start":	4.0003690719604492,
					"end":	5.0000970363616943,
					"seconds":	0.99972796440124512,
					"bytes":	7864320,
					"bits_per_second":	62931679.657156184,
					"retransmits":	0,
					"snd_cwnd":	3207320,
					"rtt":	212857,
					"omitted":	false
				}],
			"sum":	{
				"start":	4.0003690719604492,
				"end":	5.0000970363616943,
				"seconds":	0.99972796440124512,
				"bytes":	7864320,
				"bits_per_second":	62931679.657156184,
				"retransmits":	0,
				"omitted":	false
			}
		}, {
			"streams":	[{
					"socket":	4,
					"start":	5.0000970363616943,
					"end":	6.0004029273986816,
					"seconds":	1.0003058910369873,
					"bytes":	6553600,
					"bits_per_second":	52412767.404227346,
					"retransmits":	0,
					"snd_cwnd":	3207320,
					"rtt":	213014,
					"omitted":	false
				}],
			"sum":	{
				"start":	5.0000970363616943,
				"end":	6.0004029273986816,
				"seconds":	1.0003058910369873,
				"bytes":	6553600,
				"bits_per_second":	52412767.404227346,
				"retransmits":	0,
				"omitted":	false
			}
		}, {
			"streams":	[{
					"socket":	4,
					"start":	6.0004029273986816,
					"end":	7.0001199245452881,
					"seconds":	0.99971699714660645,
					"bytes":	7864320,
					"bits_per_second":	62932370.040292218,
					"retransmits":	0,
					"snd_cwnd":	3207320,
					"rtt":	212952,
					"omitted":	false
				}],
			"sum":	{
				"start":	6.0004029273986816,
				"end":	7.0001199245452881,
				"seconds":	0.99971699714660645,
				"bytes":	7864320,
				"bits_per_second":	62932370.040292218,
				"retransmits":	0,
				"omitted":	false
			}
		}, {
			"streams":	[{
					"socket":	4,
					"start":	7.0001199245452881,
					"end":	8.000216007232666,
					"seconds":	1.0000960826873779,
					"bytes":	6553600,
					"bits_per_second":	52423762.983970039,
					"retransmits":	0,
					"snd_cwnd":	3207320,
					"rtt":	213271,
					"omitted":	false
				}],
			"sum":	{
				"start":	7.0001199245452881,
				"end":	8.000216007232666,
				"seconds":	1.0000960826873779,
				"bytes":	6553600,
				"bits_per_second":	52423762.983970039,
				"retransmits":	0,
				"omitted":	false
			}
		}, {
			"streams":	[{
					"socket":	4,
					"start":	8.000216007232666,
					"end":	9.0004889965057373,
					"seconds":	1.0002729892730713,
					"bytes":	7864320,
					"bits_per_second":	62897389.68731118,
					"retransmits":	0,
					"snd_cwnd":	3207320,
					"rtt":	212872,
					"omitted":	false
				}],
			"sum":	{
				"start":	8.000216007232666,
				"end":	9.0004889965057373,
				"seconds":	1.0002729892730713,
				"bytes":	7864320,
				"bits_per_second":	62897389.68731118,
				"retransmits":	0,
				"omitted":	false
			}
		}, {
			"streams":	[{
					"socket":	4,
					"start":	9.0004889965057373,
					"end":	10.000118017196655,
					"seconds":	0.999629020690918,
					"bytes":	7864320,
					"bits_per_second":	62937908.66187045,
					"retransmits":	0,
					"snd_cwnd":	3207320,
					"rtt":	213004,
					"omitted":	false
				}],
			"sum":	{
				"start":	9.0004889965057373,
				"end":	10.000118017196655,
				"seconds":	0.999629020690918,
				"bytes":	7864320,
				"bits_per_second":	62937908.66187045,
				"retransmits":	0,
				"omitted":	false
			}
		}],
	"end":	{
		"streams":	[{
				"sender":	{
					"socket":	4,
					"start":	0,
					"end":	10.000118017196655,
					"seconds":	10.000118017196655,
					"bytes":	65149992,
					"bits_per_second":	52119378.501705781,
					"retransmits":	0,
					"max_snd_cwnd":	3207320,
					"max_rtt":	215144,
					"min_rtt":	212857,
					"mean_rtt":	213467
				},
				"receiver":	{
					"socket":	4,
					"start":	0,
					"end":	10.000118017196655,
					"seconds":	10.000118017196655,
					"bytes":	63045632,
					"bits_per_second":	50435910.36952474
				}
			}],
		"sum_sent":	{
			"start":	0,
			"end":	10.000118017196655,
			"seconds":	10.000118017196655,
			"bytes":	65149992,
			"bits_per_second":	52119378.501705781,
			"retransmits":	0
		},
		"sum_received":	{
			"start":	0,
			"end":	10.000118017196655,
			"seconds":	10.000118017196655,
			"bytes":	63045632,
			"bits_per_second":	50435910.36952474
		},
		"cpu_utilization_percent":	{
			"host_total":	3.9614313072792617,
			"host_user":	1.6421919018022348,
			"host_system":	2.31923040469927,
			"remote_total":	0.25326646057543067,
			"remote_user":	0,
			"remote_system":	0.25326646057543067
		},
		"sender_tcp_congestion":	"cubic",
		"receiver_tcp_congestion":	"cubic"
	}
}
