{
	"start":	{
		"connected":	[{
				"socket":	4,
				"local_host":	"10.0.1.9",
				"local_port":	33100,
				"remote_host":	"18.130.245.213",
				"remote_port":	5201
			}],
		"version":	"iperf 3.1.7",
		"system_info":	"Linux ip-10-0-1-9.ap-northeast-1.compute.internal 4.14.355-275.603.amzn2.x86_64 #1 SMP Wed Mar 12 14:53:59 UTC 2025 x86_64",
		"timestamp":	{
			"time":	"Mon, 14 Apr 2025 04:04:19 GMT",
			"timesecs":	1744603459
		},
		"connecting_to":	{
			"host":	"18.130.245.213",
			"port":	5201
		},
		"cookie":	"ip-10-0-1-9.ap-northeast-1.compute.i",
		"test_start":	{
			"protocol":	"UDP",
			"num_streams":	1,
			"blksize":	1448,
			"omit":	0,
			"duration":	10,
			"bytes":	0,
			"blocks":	0,
			"reverse":	0
		}
	},
	"intervals":	[{
			"streams":	[{
					"socket":	4,
					"start":	0,
					"end":	1.0000112056732178,
					"seconds":	1.0000112056732178,
					"bytes":	89206936,
					"bits_per_second":	713647491.0994221,
					"packets":	61607,
					"omitted":	false
				}],
			"sum":	{
				"start":	0,
				"end":	1.0000112056732178,
				"seconds":	1.0000112056732178,
				"bytes":	89206936,
				"bits_per_second":	713647491.0994221,
				"packets":	61607,
				"omitted":	false
			}
		}, {
			"streams":	[{
					"socket":	4,
					"start":	1.0000112056732178,
					"end":	2.00002121925354,
					"seconds":	1.0000100135803223,
					"bytes":	93451024,
					"bits_per_second":	747600705.840283,
					"packets":	64538,
					"omitted":	false
				}],
			"sum":	{
				"start":	1.0000112056732178,
				"end":	2.00002121925354,
				"seconds":	1.0000100135803223,
				"bytes":	93451024,
				"bits_per_second":	747600705.840283,
				"packets":	64538,
				"omitted":	false
			}
		}, {
			"streams":	[{
					"socket":	4,
					"start":	2.00002121925354,
					"end":	3.000014066696167,
					"seconds":	0.999992847442627,
					"bytes":	94183712,
					"bits_per_second":	753475085.27377653,
					"packets":	65044,
					"omitted":	false
				}],
			"sum":	{
				"start":	2.00002121925354,
				"end":	3.000014066696167,
				"seconds":	0.999992847442627,
				"bytes":	94183712,
				"bits_per_second":	753475085.27377653,
				"packets":	65044,
				"omitted":	false
			}
		}, {
			"streams":	[{
					"socket":	4,
					"start":	3.000014066696167,
					"end":	4.000007152557373,
					"seconds":	0.999993085861206,
					"bytes":	98892608,
					"bits_per_second":	791146334.09556031,
					"packets":	68296,
					"omitted":	false
				}],
			"sum":	{
				"start":	3.000014066696167,
				"end":	4.000007152557373,
				"seconds":	0.999993085861206,
				"bytes":	98892608,
				"bits_per_second":	791146334.09556031,
				"packets":	68296,
				"omitted":	false
			}
		}, {
			"streams":	[{
					"socket":	4,
					"start":	4.000007152557373,
					"end":	5.0000150203704834,
					"seconds":	1.0000078678131104,
					"bytes":	91250064,
					"bits_per_second":	729994768.53758967,
					"packets":	63018,
					"omitted":	false
				}],
			"sum":	{
				"start":	4.000007152557373,
				"end":	5.0000150203704834,
				"seconds":	1.0000078678131104,
				"bytes":	91250064,
				"bits_per_second":	729994768.53758967,
				"packets":	63018,
				"omitted":	false
			}
		}, {
			"streams":	[{
					"socket":	4,
					"start":	5.0000150203704834,
					"end":	6.0000112056732178,
					"seconds":	0.99999618530273438,
					"bytes":	98770976,
					"bits_per_second":	790170822.262475,
					"packets":	68212,
					"omitted":	false
				}],
			"sum":	{
				"start":	5.0000150203704834,
				"end":	6.0000112056732178,
				"seconds":	0.99999618530273438,
				"bytes":	98770976,
				"bits_per_second":	790170822.262475,
				"packets":	68212,
				"omitted":	false
			}
		}, {
			"streams":	[{
					"socket":	4,
					"start":	6.0000112056732178,
					"end":	7.0000131130218506,
					"seconds":	1.0000019073486328,
					"bytes":	94299552,
					"bits_per_second":	754394977.10577178,
					"packets":	65124,
					"omitted":	false
				}],
			"sum":	{
				"start":	6.0000112056732178,
				"end":	7.0000131130218506,
				"seconds":	1.0000019073486328,
				"bytes":	94299552,
				"bits_per_second":	754394977.10577178,
				"packets":	65124,
				"omitted":	false
			}
		}, {
			"streams":	[{
					"socket":	4,
					"start":	7.0000131130218506,
					"end":	8.00001311302185,
					"seconds":	1,
					"bytes":	94283624,
					"bits_per_second":	754268992,
					"packets":	65113,
					"omitted":	false
				}],
			"sum":	{
				"start":	7.0000131130218506,
				"end":	8.00001311302185,
				"seconds":	1,
				"bytes":	94283624,
				"bits_per_second":	754268992,
				"packets":	65113,
				"omitted":	false
			}
		}, {
			"streams":	[{
					"socket":	4,
					"start":	8.00001311302185,
					"end":	9.0000200271606445,
					"seconds":	1.0000069141387939,
					"bytes":	95213240,
					"bits_per_second":	761700653.49596226,
					"packets":	65755,
					"omitted":	false
				}],
			"sum":	{
				"start":	8.00001311302185,
				"end":	9.0000200271606445,
				"seconds":	1.0000069141387939,
				"bytes":	95213240,
				"bits_per_second":	761700653.49596226,
				"packets":	65755,
				"omitted":	false
			}
		}, {
			"streams":	[{
					"socket":	4,
					"start":	9.0000200271606445,
					"end":	10.000023126602173,
					"seconds":	1.0000030994415283,
					"bytes":	90856208,
					"bits_per_second":	726847411.178949,
					"packets":	62746,
					"omitted":	false
				}],
			"sum":	{
				"start":	9.0000200271606445,
				"end":	10.000023126602173,
				"seconds":	1.0000030994415283,
				"bytes":	90856208,
				"bits_per_second":	726847411.178949,
				"packets":	62746,
				"omitted":	false
			}
		}],
	"end":	{
		"streams":	[{
				"udp":	{
					"socket":	4,
					"start":	0,
					"end":	10.000023126602173,
					"seconds":	10.000023126602173,
					"bytes":	940407944,
					"bits_per_second":	752324615.32879162,
					"jitter_ms":	0.048749102355934486,
					"lost_packets":	367002,
					"packets":	649403,
					"lost_percent":	56.513751861324941,
					"out_of_order":	0
				}
			}],
		"sum":	{
			"start":	0,
			"end":	10.000023126602173,
			"seconds":	10.000023126602173,
			"bytes":	940407944,
			"bits_per_second":	752324615.32879162,
			"jitter_ms":	0.048749102355934486,
			"lost_packets":	367002,
			"packets":	649403,
			"lost_percent":	56.513751861324941
		},
		"cpu_utilization_percent":	{
			"host_total":	88.759938640956989,
			"host_user":	12.916711196983135,
			"host_system":	75.843264012924934,
			"remote_total":	28.170391567356106,
			"remote_user":	6.0629705938547964,
			"remote_system":	22.10744273821204
		}
	}
}
